1528.jpg,1528.jpg,1529.jpg,1530.jpg,1531.jpg,1532.jpg,1533.jpg,1534.jpg,23168.jpg,23169.jpg,23170.jpg
23099.jpg,23100.jpg,23101.jpg,23102.jpg,23103.jpg,23104.jpg,23105.jpg,23106.jpg,23107.jpg,23108.jpg,23109.jpg
23257.jpg,23258.jpg,23259.jpg,23260.jpg,23261.jpg,23262.jpg,23263.jpg,23264.jpg,23265.jpg,23266.jpg,23267.jpg
23460.jpg,23461.jpg,23462.jpg,23463.jpg,23464.jpg,23465.jpg,23466.jpg,23467.jpg,23468.jpg,23469.jpg,23470.jpg
23696.jpg,23698.jpg,23699.jpg,23702.jpg,23703.jpg,23704.jpg,23705.jpg,23706.jpg,23709.jpg,23710.jpg,23711.jpg
23171.jpg,23171.jpg,23171.jpg,23172.jpg,23173.jpg,23174.jpg,23175.jpg,23176.jpg,23177.jpg,23178.jpg,23179.jpg
23110.jpg,23110.jpg,23111.jpg,23112.jpg,23113.jpg,23114.jpg,23115.jpg,23116.jpg,23117.jpg,23118.jpg,23107.jpg
23268.jpg,23268.jpg,23269.jpg,23270.jpg,23271.jpg,23272.jpg,23273.jpg,23274.jpg,23275.jpg,23276.jpg,23277.jpg
23471.jpg,23471.jpg,23472.jpg,23473.jpg,23474.jpg,23475.jpg,23476.jpg,23477.jpg,23482.jpg,23479.jpg,23480.jpg
23712.jpg,23712.jpg,23715.jpg,23716.jpg,23717.jpg,23718.jpg,23719.jpg,23720.jpg,23721.jpg,23723.jpg,23724.jpg
